{
  "_comment": "Stereo calibration for the bimodal (left=cam1/K1, right=cam2/K2) surgical rig. (R,t) maps cam1->cam2; t in millimetres (baseline ||t||~4.21mm). Used by tools/needle_keypoints.py.",
  "units": "mm",
  "left_is": "cam1",
  "K1": [[1391.658292795475, 0.0, 986.4190758831199],
         [0.0, 1391.785034752274, 572.2045854833152],
         [0.0, 0.0, 1.0]],
  "K2": [[1391.338007673338, 0.0, 924.0969227168914],
         [0.0, 1392.388014597277, 567.6417188514309],
         [0.0, 0.0, 1.0]],
  "D1": [-0.092769844746067, -0.541207599564204, 0.005381324612686, -0.003967351347023, 2.713084322811671],
  "D2": [-0.127707830814345, 0.189782979799142, -0.007642954788218, 0.000293999641905, -0.688092308278527],
  "R": [[0.999964115204599, -0.002558527340821, -0.008076028784647],
        [0.002648904881039, 0.999933768880502, 0.011200051578710],
        [0.008046838262037, -0.011221042299217, 0.999904663757352]],
  "t": [-4.211049830820493, 0.057413228673406, -0.134685292928634]
}
